Company Name,Full URL,API Reference URL
openai,https://apitracker.io/a/openai,Error
cohere-ai,https://apitracker.io/a/cohere-ai,https://docs.cohere.ai
deel,https://apitracker.io/a/deel,https://developer.deel.com/reference
adp,https://apitracker.io/a/adp,https://developers.adp.com
gpt-4,https://apitracker.io/a/gpt-4,https://platform.openai.com/docs/api-reference
reddit,https://apitracker.io/a/reddit,https://www.reddit.com/dev/api/
openai,https://apitracker.io/a/openai,Error
zapier,https://apitracker.io/a/zapier,https://zapier.com/developer/
chatgpt,https://apitracker.io/a/chatgpt,https://platform.openai.com/docs/guides/chat
resend,https://apitracker.io/a/resend,Error
enode-io,https://apitracker.io/a/enode-io,https://developers.enode.io/api/reference
deputy,https://apitracker.io/a/deputy,https://developer.deputy.com/deputy-docs/reference
netsuite,https://apitracker.io/a/netsuite,https://system.netsuite.com/help/helpcenter/en_US/APIs/REST_API_Browser/record/v1/2022.1/index.html
jira,https://apitracker.io/a/jira,https://developer.atlassian.com/cloud/jira/platform/rest/v3/intro/
dependabot,https://apitracker.io/a/dependabot,https://docs.github.com/en/rest/dependabot/alerts
slack,https://apitracker.io/a/slack,https://api.slack.com/methods
figma,https://apitracker.io/a/figma,https://www.figma.com/developers/api
salesloft,https://apitracker.io/a/salesloft,Error
apideck,https://apitracker.io/a/apideck,https://developers.apideck.com/apis/vault/reference
zoom,https://apitracker.io/a/zoom,https://marketplace.zoom.us/docs/api-reference/introduction
mergedup,https://apitracker.io/a/mergedup,https://www.mergedup.com/
github,https://apitracker.io/a/github,https://docs.github.com/en/rest/reference
stripe-apps,https://apitracker.io/a/stripe-apps,https://stripe.com/docs/stripe-apps
partnered-io,https://apitracker.io/a/partnered-io,Error
whatsapp,https://apitracker.io/a/whatsapp,https://developers.facebook.com/docs/whatsapp
graphcms,https://apitracker.io/a/graphcms,https://graphcms.com/docs/reference
shogun,https://apitracker.io/a/shogun,https://docs.getshogun.com/shogun-frontend-integrations/docs/working-with-the-frontend-api
plaid,https://apitracker.io/a/plaid,https://plaid.com/docs/api
stripe-financial-connections,https://apitracker.io/a/stripe-financial-connections,https://stripe.com/docs/api/financial_connections
mollie,https://apitracker.io/a/mollie,https://docs.mollie.com/reference/v2/payments-api/create-payment
workday,https://apitracker.io/a/workday,https://community.workday.com/api/
hesp-live,https://apitracker.io/a/hesp-live,https://developers.hesp.live/reference
google-forms,https://apitracker.io/a/google-forms,https://developers.google.com/forms/api/reference/rest
openchannel-io,https://apitracker.io/a/openchannel-io,https://support.openchannel.io/documentation/api
pandadoc,https://apitracker.io/a/pandadoc,https://developers.pandadoc.com/reference/about
block-xyz,https://apitracker.io/a/block-xyz,Error
slack,https://apitracker.io/a/slack,https://api.slack.com/methods
telesign,https://apitracker.io/a/telesign,https://enterprise.telesign.com/api-reference
excel,https://apitracker.io/a/excel,https://developer.microsoft.com/en-us/graph
meta,https://apitracker.io/a/meta,Error
loom,https://apitracker.io/a/loom,Error
brex,https://apitracker.io/a/brex,https://developer.brex.com/openapi/accounting_api/
twilio,https://apitracker.io/a/twilio,https://www.twilio.com/docs/api
hubspot,https://apitracker.io/a/hubspot,https://developers.hubspot.com/docs/api/overview
alchemy,https://apitracker.io/a/alchemy,https://docs.alchemy.com/alchemy/documentation/alchemy-api-reference
lob,https://apitracker.io/a/lob,https://docs.lob.com
dolby-io,https://apitracker.io/a/dolby-io,https://docs.dolby.io/interactivity/reference
kloudless,https://apitracker.io/a/kloudless,https://developers.kloudless.com/docs
insightly,https://apitracker.io/a/insightly,https://api.insightly.com/v3.1/Help
box,https://apitracker.io/a/box,https://developer.box.com/reference/
cal,https://apitracker.io/a/cal,https://docs.cal.com
grammarly,https://apitracker.io/a/grammarly,https://developer.grammarly.com/docs/api
mailchimp,https://apitracker.io/a/mailchimp,https://developer.mailchimp.com/documentation/mailchimp/reference/lists/
automate,https://apitracker.io/a/automate,Error
nasa,https://apitracker.io/a/nasa,https://sscweb.sci.gsfc.nasa.gov/webservices/rest
circleci,https://apitracker.io/a/circleci,https://circleci.com/docs/2.0/configuration-reference/
auto-dev,https://apitracker.io/a/auto-dev,https://auto.dev/docs
salesforce,https://apitracker.io/a/salesforce,https://developer.salesforce.com/docs/atlas.en-us.api_rest.meta/api_rest/resources_list.htm
materialize,https://apitracker.io/a/materialize,https://materialize.com/docs
basistheory,https://apitracker.io/a/basistheory,https://docs.basistheory.com/api-reference
nftport-xyz,https://apitracker.io/a/nftport-xyz,https://docs.nftport.xyz/docs/nftport
openai-codex,https://apitracker.io/a/openai-codex,Error
weav-co,https://apitracker.io/a/weav-co,https://docs.weav.co/api-reference
apple-news,https://apitracker.io/a/apple-news,https://developer.apple.com/documentation/apple_news/apple_news_api
videosdk-live,https://apitracker.io/a/videosdk-live,https://docs.videosdk.live/docs/realtime-communication/sdk-reference/prebuilt-sdk-js/setup
personio,https://apitracker.io/a/personio,https://developer.personio.de/reference
greenhouse,https://apitracker.io/a/greenhouse,https://developers.greenhouse.io/harvest.html
mailmodo,https://apitracker.io/a/mailmodo,https://www.mailmodo.com/developers
xero,https://apitracker.io/a/xero,https://developer.xero.com/documentation/api/api-overview
bolt-eu,https://apitracker.io/a/bolt-eu,https://delivery.bolt.eu/api-doc
afterpay,https://apitracker.io/a/afterpay,Error
voiceflow,https://apitracker.io/a/voiceflow,https://docs.voiceflow.com
twitter,https://apitracker.io/a/twitter,https://developer.twitter.com/en/docs/api-reference-index
liveblocks-io,https://apitracker.io/a/liveblocks-io,https://liveblocks.io/docs/api-reference/liveblocks-react
ebay,https://apitracker.io/a/ebay,https://developer.ebay.com/products/developer
google-calendar,https://apitracker.io/a/google-calendar,https://developers.google.com/calendar/v3/reference
1password,https://apitracker.io/a/1password,https://1password.com/secrets
thegraph,https://apitracker.io/a/thegraph,https://thegraph.com/docs
framer,https://apitracker.io/a/framer,https://www.framer.com/docs
mongodb,https://apitracker.io/a/mongodb,https://api.mongodb.com/
activecampaign,https://apitracker.io/a/activecampaign,https://developers.activecampaign.com/v3/reference
gusto,https://apitracker.io/a/gusto,https://docs.gusto.com/docs/api/docs/basics/Introduction.md
tinybird-co,https://apitracker.io/a/tinybird-co,https://docs.tinybird.co
algolia-recommend,https://apitracker.io/a/algolia-recommend,https://www.algolia.com/doc/rest-api/recommend/
vercel,https://apitracker.io/a/vercel,https://vercel.com/docs/api
cloudinary,https://apitracker.io/a/cloudinary,https://cloudinary.com/documentation/image_upload_api_reference
ably-io,https://apitracker.io/a/ably-io,https://www.ably.io/documentation/rest-api/
github-copilot,https://apitracker.io/a/github-copilot,Error
typeform,https://apitracker.io/a/typeform,https://developer.typeform.com/create/reference/create-form/
brex,https://apitracker.io/a/brex,https://developer.brex.com/openapi/accounting_api/
nexhealth,https://apitracker.io/a/nexhealth,https://www.nexhealth.com/api
posthog,https://apitracker.io/a/posthog,https://posthog.com/docs/api/overview
circle,https://apitracker.io/a/circle,https://developers.circle.com/reference
stripe-identity,https://apitracker.io/a/stripe-identity,https://stripe.com/docs/identity
courier,https://apitracker.io/a/courier,https://docs.courier.com/reference
truelayer,https://apitracker.io/a/truelayer,https://docs.truelayer.com/#data-api-reference
aircall,https://apitracker.io/a/aircall,https://developer.aircall.io/
retool,https://apitracker.io/a/retool,https://retool.com/components#javascript-queries
opendesign-dev,https://apitracker.io/a/opendesign-dev,https://opendesign.dev/docs/sdk-reference/introduction
reply,https://apitracker.io/a/reply,https://apidocs.reply.io/
ecwid,https://apitracker.io/a/ecwid,https://api-docs.ecwid.com/reference/overview
rudderstack,https://apitracker.io/a/rudderstack,https://docs.rudderstack.com/rudderstack-api-spec
stripe-tax,https://apitracker.io/a/stripe-tax,https://stripe.com/docs/tax
messagemedia,https://apitracker.io/a/messagemedia,https://developers.messagemedia.com
docusign,https://apitracker.io/a/docusign,https://developers.docusign.com/docs/esign-rest-api/reference
square,https://apitracker.io/a/square,https://developer.squareup.com/reference/square
twitch,https://apitracker.io/a/twitch,https://dev.twitch.tv/docs/api/reference#get-clips
facebook,https://apitracker.io/a/facebook,https://developers.facebook.com/docs/
dittowords,https://apitracker.io/a/dittowords,https://developer.dittowords.com/api-reference
internet-computer,https://apitracker.io/a/internet-computer,https://sdk.dfinity.org/docs/interface-spec/index.html#system-api
openai,https://apitracker.io/a/openai,Error
mono-co,https://apitracker.io/a/mono-co,https://mono.co/api-reference
google-analytics,https://apitracker.io/a/google-analytics,https://developers.google.com/analytics/devguides/reporting/core/v4/rest
nordigen,https://apitracker.io/a/nordigen,https://nordigen.com/en/account_information_documenation/api-documention/overview
hubspot,https://apitracker.io/a/hubspot,https://developers.hubspot.com/docs/api/overview
wix,https://apitracker.io/a/wix,https://dev.wix.com/api
pirateweather-net,https://apitracker.io/a/pirateweather-net,https://pirateweather.net/apis
stripe,https://apitracker.io/a/stripe,https://stripe.com/docs/api
notion,https://apitracker.io/a/notion,https://developers.notion.com/
flagsmith,https://apitracker.io/a/flagsmith,https://docs.flagsmith.com
lightstep,https://apitracker.io/a/lightstep,https://lightstep.com/developers
sonos,https://apitracker.io/a/sonos,https://developer.sonos.com/reference
visma,https://apitracker.io/a/visma,https://developer.visma.com/
snapchat,https://apitracker.io/a/snapchat,https://developers.snapchat.com/
temporal-io,https://apitracker.io/a/temporal-io,https://docs.temporal.io/docs/server-configuration
shopware,https://apitracker.io/a/shopware,https://shopware.stoplight.io/docs/store-api/storeapi.json
mailchimp,https://apitracker.io/a/mailchimp,https://developer.mailchimp.com/documentation/mailchimp/reference/lists/
api-video,https://apitracker.io/a/api-video,https://docs.api.video/reference
mux,https://apitracker.io/a/mux,https://docs.mux.com/v1/reference
alchemy,https://apitracker.io/a/alchemy,https://docs.alchemy.com/alchemy/documentation/alchemy-api-reference
bugsnag,https://apitracker.io/a/bugsnag,https://docs.bugsnag.com
sparkpost,https://apitracker.io/a/sparkpost,https://www.sparkpost.com/docs
github,https://apitracker.io/a/github,https://docs.github.com/en/rest/reference
alpaca-markets,https://apitracker.io/a/alpaca-markets,https://alpaca.markets/docs/api-documentation/api-v2
chargebee,https://apitracker.io/a/chargebee,https://apidocs.chargebee.com/docs/api
stripe-issuing,https://apitracker.io/a/stripe-issuing,https://stripe.com/docs/api/issuing
zoom,https://apitracker.io/a/zoom,https://marketplace.zoom.us/docs/api-reference/introduction
moov-io,https://apitracker.io/a/moov-io,https://api.moov.io/v1/
pagerduty,https://apitracker.io/a/pagerduty,https://developer.pagerduty.com/api-reference
quickbooks,https://apitracker.io/a/quickbooks,https://developer.intuit.com/app/developer/qbo/docs/develop
gremlin,https://apitracker.io/a/gremlin,https://www.gremlin.com/docs/api-reference/overview
launchdarkly,https://apitracker.io/a/launchdarkly,https://apidocs.launchdarkly.com/reference
marketo,https://apitracker.io/a/marketo,https://developers.marketo.com/
shopify,https://apitracker.io/a/shopify,https://shopify.dev
closeio,https://apitracker.io/a/closeio,https://developer.close.com/
fintoc,https://apitracker.io/a/fintoc,https://docs.fintoc.com
slack,https://apitracker.io/a/slack,https://api.slack.com/methods
workos,https://apitracker.io/a/workos,https://workos.com/docs/reference
getstream-io,https://apitracker.io/a/getstream-io,https://getstream.io/docs
auth0,https://apitracker.io/a/auth0,https://auth0.com/docs
exact-online,https://apitracker.io/a/exact-online,https://start.exactonline.nl/docs/HlpRestAPIResources.aspx?SourceAction=10
sendbird,https://apitracker.io/a/sendbird,https://sendbird.com/developer
checkhq,https://apitracker.io/a/checkhq,https://docs.checkhq.com/reference
gatsbyjs,https://apitracker.io/a/gatsbyjs,https://www.gatsbyjs.org/docs
wrike,https://apitracker.io/a/wrike,https://developers.wrike.com/
konghq,https://apitracker.io/a/konghq,https://docs.konghq.com/enterprise
apilayer,https://apitracker.io/a/apilayer,Error
postman,https://apitracker.io/a/postman,https://www.postman.com/postman/workspace/postman-public-workspace/documentation/12959542-c8142d51-e97c-46b6-bd77-52bb66712c9a
pusher,https://apitracker.io/a/pusher,https://pusher.com/docs
ayrshare,https://apitracker.io/a/ayrshare,https://docs.ayrshare.com
vercel,https://apitracker.io/a/vercel,https://vercel.com/docs/api
microsoft-graph,https://apitracker.io/a/microsoft-graph,https://developer.microsoft.com/en-us/graph
bestow,https://apitracker.io/a/bestow,Error
sinch,https://apitracker.io/a/sinch,https://developers.sinch.com
facebook-messenger,https://apitracker.io/a/facebook-messenger,https://developers.facebook.com/docs/messenger-platform/reference
monday,https://apitracker.io/a/monday,https://api.developer.monday.com/docs
klaviyo,https://apitracker.io/a/klaviyo,https://www.klaviyo.com/docs
sqreen,https://apitracker.io/a/sqreen,https://docs.sqreen.com
segment,https://apitracker.io/a/segment,https://reference.segmentapis.com/
twilio,https://apitracker.io/a/twilio,https://www.twilio.com/docs/api
splunk,https://apitracker.io/a/splunk,https://dev.splunk.com/.
hashicorp,https://apitracker.io/a/hashicorp,https://www.hashicorp.com/#
argyle,https://apitracker.io/a/argyle,https://argyle.com/docs/api-reference
ekata,https://apitracker.io/a/ekata,https://ekata.com/developer/documentation/api-overview
salesforce,https://apitracker.io/a/salesforce,https://developer.salesforce.com/docs/atlas.en-us.api_rest.meta/api_rest/resources_list.htm
stripe,https://apitracker.io/a/stripe,https://stripe.com/docs/api
slack,https://apitracker.io/a/slack,https://api.slack.com/methods
pipedrive,https://apitracker.io/a/pipedrive,https://developers.pipedrive.com/docs/api/v1/
typeform,https://apitracker.io/a/typeform,https://developer.typeform.com/create/reference/create-form/
algolia,https://apitracker.io/a/algolia,https://www.algolia.com/doc/api-reference/rest-api/
